timestamp_ms,ax,ay,az,gx,gy,gz,label,segment_id,sample_index
1762637238750,-629,35,739,-151,-9464,-6679,flick_right,3e1a6a5a,0
1762637238751,-666,26,697,-2512,-858,-325,flick_right,3e1a6a5a,1
1762637238766,-629,35,739,-151,-9464,-6679,flick_right,3e1a6a5a,2
1762637238767,-644,-1,741,-784,-12406,-10681,flick_right,3e1a6a5a,3
1762637238771,-646,-11,788,-1484,-14925,-13108,flick_right,3e1a6a5a,4
1762637238772,-644,-1,741,-784,-12406,-10681,flick_right,3e1a6a5a,5
1762637238776,-646,-11,788,-1484,-14925,-13108,flick_right,3e1a6a5a,6
1762637238781,-527,-13,737,606,-19136,-14293,flick_right,3e1a6a5a,7
1762637238783,-527,-13,737,606,-19136,-14293,flick_right,3e1a6a5a,8
1762637238791,-482,-46,700,2942,-25737,-13580,flick_right,3e1a6a5a,9
1762637238793,-482,-46,700,2942,-25737,-13580,flick_right,3e1a6a5a,10
1762637238800,-502,-34,726,4057,-29824,-12899,flick_right,3e1a6a5a,11
1762637238803,-502,-34,726,4057,-29824,-12899,flick_right,3e1a6a5a,12
1762637238811,-685,-97,880,4141,-29295,-13174,flick_right,3e1a6a5a,13
1762637238813,-685,-97,880,4141,-29295,-13174,flick_right,3e1a6a5a,14
1762637238821,-647,-49,822,5394,-30148,-14002,flick_right,3e1a6a5a,15
1762637238823,-647,-49,822,5394,-30148,-14002,flick_right,3e1a6a5a,16
1762637238831,-601,-23,811,5890,-32768,-15583,flick_right,3e1a6a5a,17
1762637238834,-601,-23,811,5890,-32768,-15583,flick_right,3e1a6a5a,18
1762637238840,-544,6,793,5319,-32768,-17305,flick_right,3e1a6a5a,19
1762637238853,-474,-23,845,4257,-32768,-17971,flick_right,3e1a6a5a,20
1762637238853,-544,6,793,5319,-32768,-17305,flick_right,3e1a6a5a,21
1762637238855,-474,-23,845,4257,-32768,-17971,flick_right,3e1a6a5a,22
1762637238861,-391,-72,802,3980,-32768,-15811,flick_right,3e1a6a5a,23
1762637238867,-391,-72,802,3980,-32768,-15811,flick_right,3e1a6a5a,24
1762637238871,-376,-108,800,8759,-32768,-9199,flick_right,3e1a6a5a,25
1762637238874,-376,-108,800,8759,-32768,-9199,flick_right,3e1a6a5a,26
1762637238881,-359,-115,786,15938,-32768,-6276,flick_right,3e1a6a5a,27
1762637238883,-359,-115,786,15938,-32768,-6276,flick_right,3e1a6a5a,28
1762637238891,-296,-108,964,19869,-32768,-3870,flick_right,3e1a6a5a,29
1762637238893,-296,-108,964,19869,-32768,-3870,flick_right,3e1a6a5a,30
1762637238901,-298,-145,1027,26328,-32768,97,flick_right,3e1a6a5a,31
1762637238903,-298,-145,1027,26328,-32768,97,flick_right,3e1a6a5a,32
1762637238910,-280,105,1332,32767,-32768,3489,flick_right,3e1a6a5a,33
1762637238913,-280,105,1332,32767,-32768,3489,flick_right,3e1a6a5a,34
1762637238921,-168,-133,950,32767,-32768,7755,flick_right,3e1a6a5a,35
1762637238923,-168,-133,950,32767,-32768,7755,flick_right,3e1a6a5a,36
1762637238935,-44,-55,880,32767,-32768,7025,flick_right,3e1a6a5a,37
1762637238942,-51,-88,885,32767,-32768,6596,flick_right,3e1a6a5a,38
1762637238942,-44,-55,880,32767,-32768,7025,flick_right,3e1a6a5a,39
1762637238944,-51,-88,885,32767,-32768,6596,flick_right,3e1a6a5a,40
1762637238951,-88,59,1012,32767,-32768,6863,flick_right,3e1a6a5a,41
1762637239060,-88,59,1012,32767,-32768,6863,flick_right,3e1a6a5a,42
1762637239060,-118,221,974,32767,-32768,7752,flick_right,3e1a6a5a,43
1762637239061,-118,221,974,32767,-32768,7752,flick_right,3e1a6a5a,44
1762637239061,-58,209,780,32767,-32768,10394,flick_right,3e1a6a5a,45
1762637239062,-58,209,780,32767,-32768,10394,flick_right,3e1a6a5a,46
1762637239062,127,-15,549,32767,-32768,16920,flick_right,3e1a6a5a,47
1762637239063,127,-15,549,32767,-32768,16920,flick_right,3e1a6a5a,48
1762637239063,470,-98,1713,32767,-32768,19965,flick_right,3e1a6a5a,49
1762637239064,470,-98,1713,32767,-32768,19965,flick_right,3e1a6a5a,50
1762637239064,-291,1239,1312,4324,-32768,20010,flick_right,3e1a6a5a,51
1762637239065,-291,1239,1312,4324,-32768,20010,flick_right,3e1a6a5a,52
1762637239066,-250,685,1250,-16758,-32768,9846,flick_right,3e1a6a5a,53
1762637239066,-250,685,1250,-16758,-32768,9846,flick_right,3e1a6a5a,54
1762637239067,-69,393,848,-18133,-32768,9423,flick_right,3e1a6a5a,55
1762637239068,-69,393,848,-18133,-32768,9423,flick_right,3e1a6a5a,56
1762637239068,145,104,843,-14848,-32768,13370,flick_right,3e1a6a5a,57
1762637239069,145,104,843,-14848,-32768,13370,flick_right,3e1a6a5a,58
1762637239069,247,51,979,-11609,-32768,15232,flick_right,3e1a6a5a,59
1762637239071,247,51,979,-11609,-32768,15232,flick_right,3e1a6a5a,60
1762637239072,223,183,1035,-7446,-32768,14205,flick_right,3e1a6a5a,61
1762637239072,223,183,1035,-7446,-32768,14205,flick_right,3e1a6a5a,62
1762637239082,191,259,1033,-6019,-32768,12448,flick_right,3e1a6a5a,63
1762637239083,191,259,1033,-6019,-32768,12448,flick_right,3e1a6a5a,64
1762637239083,221,299,1048,-10729,-30200,11190,flick_right,3e1a6a5a,65
1762637239084,221,299,1048,-10729,-30200,11190,flick_right,3e1a6a5a,66
1762637239084,210,262,1123,-22211,-21118,6469,flick_right,3e1a6a5a,67
1762637239084,210,262,1123,-22211,-21118,6469,flick_right,3e1a6a5a,68
1762637239090,287,294,973,-22881,-13933,6300,flick_right,3e1a6a5a,69
1762637239093,287,294,973,-22881,-13933,6300,flick_right,3e1a6a5a,70
1762637239101,295,304,890,-19393,-10514,6597,flick_right,3e1a6a5a,71
1762637239103,295,304,890,-19393,-10514,6597,flick_right,3e1a6a5a,72
1762637239111,345,313,929,-18825,-5817,3822,flick_right,3e1a6a5a,73
1762637239114,345,313,929,-18825,-5817,3822,flick_right,3e1a6a5a,74
1762637239121,346,265,1001,-20176,-50,3642,flick_right,3e1a6a5a,75
1762637239124,346,265,1001,-20176,-50,3642,flick_right,3e1a6a5a,76
1762637239131,326,295,1090,-26167,4918,2991,flick_right,3e1a6a5a,77
1762637239133,326,295,1090,-26167,4918,2991,flick_right,3e1a6a5a,78
1762637239140,353,206,1028,-30950,8298,2008,flick_right,3e1a6a5a,79
1762637239143,353,206,1028,-30950,8298,2008,flick_right,3e1a6a5a,80
1762637239151,337,95,1027,-32768,9965,1840,flick_right,3e1a6a5a,81
1762637239153,337,95,1027,-32768,9965,1840,flick_right,3e1a6a5a,82
1762637239161,343,100,1006,-32153,9843,1066,flick_right,3e1a6a5a,83
1762637239169,343,100,1006,-32153,9843,1066,flick_right,3e1a6a5a,84
1762637239173,340,53,1002,-28338,9091,-350,flick_right,3e1a6a5a,85
1762637239177,340,53,1002,-28338,9091,-350,flick_right,3e1a6a5a,86
1762637239180,339,13,942,-24545,8643,-942,flick_right,3e1a6a5a,87
1762637239183,339,13,942,-24545,8643,-942,flick_right,3e1a6a5a,88
1762637239191,337,4,947,-21962,8510,-962,flick_right,3e1a6a5a,89
1762637239193,337,4,947,-21962,8510,-962,flick_right,3e1a6a5a,90
1762637239201,322,0,970,-20113,9639,-1457,flick_right,3e1a6a5a,91
1762637239206,322,0,970,-20113,9639,-1457,flick_right,3e1a6a5a,92
1762637239211,308,-12,974,-18684,10605,-1112,flick_right,3e1a6a5a,93
1762637239213,308,-12,974,-18684,10605,-1112,flick_right,3e1a6a5a,94
1762637239221,299,6,963,-18034,11729,-1498,flick_right,3e1a6a5a,95
1762637239223,299,6,963,-18034,11729,-1498,flick_right,3e1a6a5a,96
1762637239231,301,-17,965,-16878,11738,-1970,flick_right,3e1a6a5a,97
1762637239233,301,-17,965,-16878,11738,-1970,flick_right,3e1a6a5a,98
1762637239241,296,-34,964,-16716,11388,-1997,flick_right,3e1a6a5a,99
1762637239244,296,-34,964,-16716,11388,-1997,flick_right,3e1a6a5a,100
1762637239250,294,-31,926,-14663,9917,-1999,flick_right,3e1a6a5a,101
1762637239253,294,-31,926,-14663,9917,-1999,flick_right,3e1a6a5a,102
1762637239261,278,-47,942,-11613,6813,-1666,flick_right,3e1a6a5a,103
1762637239264,278,-47,942,-11613,6813,-1666,flick_right,3e1a6a5a,104
1762637239272,268,-64,967,-8319,5141,-1941,flick_right,3e1a6a5a,105
1762637239278,268,-64,967,-8319,5141,-1941,flick_right,3e1a6a5a,106
1762637239281,243,-68,1018,-7136,5735,-3099,flick_right,3e1a6a5a,107
1762637239284,243,-68,1018,-7136,5735,-3099,flick_right,3e1a6a5a,108
1762637239291,250,-104,968,-7199,5350,-4716,flick_right,3e1a6a5a,109
1762637239293,250,-104,968,-7199,5350,-4716,flick_right,3e1a6a5a,110
1762637239300,273,-161,906,-6376,1842,-4496,flick_right,3e1a6a5a,111
1762637239303,273,-161,906,-6376,1842,-4496,flick_right,3e1a6a5a,112
1762637239311,244,-140,932,-2481,-2444,-2712,flick_right,3e1a6a5a,113
1762637239314,244,-140,932,-2481,-2444,-2712,flick_right,3e1a6a5a,114
1762637239321,245,-115,952,390,-4501,-1921,flick_right,3e1a6a5a,115
1762637239324,245,-115,952,390,-4501,-1921,flick_right,3e1a6a5a,116
1762637239331,258,-102,945,1435,-6708,-1220,flick_right,3e1a6a5a,117
1762637239333,258,-102,945,1435,-6708,-1220,flick_right,3e1a6a5a,118
1762637239341,264,-87,987,925,-8678,-1133,flick_right,3e1a6a5a,119
1762637239344,264,-87,987,925,-8678,-1133,flick_right,3e1a6a5a,120
1762637239350,306,-43,975,-368,-11038,-2165,flick_right,3e1a6a5a,121
1762637239353,306,-43,975,-368,-11038,-2165,flick_right,3e1a6a5a,122
1762637239360,330,-36,980,-851,-13985,-4652,flick_right,3e1a6a5a,123
1762637239364,330,-36,980,-851,-13985,-4652,flick_right,3e1a6a5a,124
1762637239372,347,-91,928,96,-17002,-6377,flick_right,3e1a6a5a,125
1762637239376,347,-91,928,96,-17002,-6377,flick_right,3e1a6a5a,126
1762637239381,339,-112,876,3435,-21079,-6557,flick_right,3e1a6a5a,127
1762637239386,339,-112,876,3435,-21079,-6557,flick_right,3e1a6a5a,128
1762637239390,343,-121,904,6817,-26049,-6472,flick_right,3e1a6a5a,129
1762637239393,343,-121,904,6817,-26049,-6472,flick_right,3e1a6a5a,130
1762637239401,374,-71,981,6819,-28151,-6632,flick_right,3e1a6a5a,131
1762637239403,374,-71,981,6819,-28151,-6632,flick_right,3e1a6a5a,132
1762637239410,394,-52,996,6203,-28157,-7125,flick_right,3e1a6a5a,133
1762637239413,394,-52,996,6203,-28157,-7125,flick_right,3e1a6a5a,134
1762637239420,424,-108,950,7562,-29321,-6948,flick_right,3e1a6a5a,135
1762637239423,424,-108,950,7562,-29321,-6948,flick_right,3e1a6a5a,136
1762637239430,466,-124,924,8924,-31853,-5460,flick_right,3e1a6a5a,137
1762637239433,466,-124,924,8924,-31853,-5460,flick_right,3e1a6a5a,138
1762637239441,466,-82,914,8245,-32768,-5070,flick_right,3e1a6a5a,139
1762637239444,466,-82,914,8245,-32768,-5070,flick_right,3e1a6a5a,140
1762637239451,455,-48,881,7215,-32768,-5887,flick_right,3e1a6a5a,141
1762637239454,455,-48,881,7215,-32768,-5887,flick_right,3e1a6a5a,142
1762637239461,508,-51,874,8267,-32768,-4544,flick_right,3e1a6a5a,143
1762637239464,508,-51,874,8267,-32768,-4544,flick_right,3e1a6a5a,144
1762637239474,551,-12,833,9199,-32185,-2908,flick_right,3e1a6a5a,145
1762637239478,551,-12,833,9199,-32185,-2908,flick_right,3e1a6a5a,146
1762637239482,545,-45,898,7499,-28431,-3136,flick_right,3e1a6a5a,147
1762637239485,545,-45,898,7499,-28431,-3136,flick_right,3e1a6a5a,148
1762637239490,607,-14,924,5819,-22540,-2061,flick_right,3e1a6a5a,149
1762637239494,607,-14,924,5819,-22540,-2061,flick_right,3e1a6a5a,150
1762637239500,601,-47,929,3712,-16760,-2026,flick_right,3e1a6a5a,151
1762637239504,601,-47,929,3712,-16760,-2026,flick_right,3e1a6a5a,152
1762637239511,563,-18,921,95,-12157,-515,flick_right,3e1a6a5a,153
1762637239514,563,-18,921,95,-12157,-515,flick_right,3e1a6a5a,154
1762637239520,589,83,883,-4093,-8670,58,flick_right,3e1a6a5a,155
1762637239524,589,83,883,-4093,-8670,58,flick_right,3e1a6a5a,156
1762637239531,545,39,894,-7263,-5058,455,flick_right,3e1a6a5a,157
1762637239534,545,39,894,-7263,-5058,455,flick_right,3e1a6a5a,158
1762637239541,562,1,892,-6961,-2716,952,flick_right,3e1a6a5a,159
1762637239544,562,1,892,-6961,-2716,952,flick_right,3e1a6a5a,160
1762637239551,587,-22,913,-5655,-989,756,flick_right,3e1a6a5a,161
1762637239555,587,-22,913,-5655,-989,756,flick_right,3e1a6a5a,162
1762637239560,609,-16,926,-5722,3605,1205,flick_right,3e1a6a5a,163
1762637239563,609,-16,926,-5722,3605,1205,flick_right,3e1a6a5a,164
1762637239571,610,-28,950,-5571,9071,1289,flick_right,3e1a6a5a,165
1762637239579,610,-28,950,-5571,9071,1289,flick_right,3e1a6a5a,166
1762637239583,611,-80,940,-4973,13701,1729,flick_right,3e1a6a5a,167
1762637239586,611,-80,940,-4973,13701,1729,flick_right,3e1a6a5a,168
1762637239591,607,-63,971,-4596,20016,2399,flick_right,3e1a6a5a,169
1762637239594,607,-63,971,-4596,20016,2399,flick_right,3e1a6a5a,170
1762637239601,622,-20,965,-6496,29323,3707,flick_right,3e1a6a5a,171
1762637239603,622,-20,965,-6496,29323,3707,flick_right,3e1a6a5a,172
1762637239612,567,-37,916,-8605,32767,4721,flick_right,3e1a6a5a,173
1762637239615,567,-37,916,-8605,32767,4721,flick_right,3e1a6a5a,174
1762637239621,532,-52,926,-11127,32767,6874,flick_right,3e1a6a5a,175
1762637239624,532,-52,926,-11127,32767,6874,flick_right,3e1a6a5a,176
1762637239631,474,-38,963,-13880,32767,8617,flick_right,3e1a6a5a,177
1762637239634,474,-38,963,-13880,32767,8617,flick_right,3e1a6a5a,178
1762637239641,428,-60,939,-15449,32767,10523,flick_right,3e1a6a5a,179
1762637239643,428,-60,939,-15449,32767,10523,flick_right,3e1a6a5a,180
1762637239652,397,-69,965,-14903,32767,12745,flick_right,3e1a6a5a,181
1762637239656,397,-69,965,-14903,32767,12745,flick_right,3e1a6a5a,182
1762637239661,385,-140,968,-9887,32767,14313,flick_right,3e1a6a5a,183
1762637239664,385,-140,968,-9887,32767,14313,flick_right,3e1a6a5a,184
1762637239671,394,-132,901,-2083,32767,13370,flick_right,3e1a6a5a,185
1762637239673,394,-132,901,-2083,32767,13370,flick_right,3e1a6a5a,186
1762637239685,340,-170,808,-3309,32767,12207,flick_right,3e1a6a5a,187
1762637239690,340,-170,808,-3309,32767,12207,flick_right,3e1a6a5a,188
1762637239691,259,-153,902,-3260,32767,13396,flick_right,3e1a6a5a,189
1762637239695,259,-153,902,-3260,32767,13396,flick_right,3e1a6a5a,190
1762637239701,222,-154,992,-1755,32767,13904,flick_right,3e1a6a5a,191
1762637239703,222,-154,992,-1755,32767,13904,flick_right,3e1a6a5a,192
1762637239711,157,-155,957,1457,32767,14087,flick_right,3e1a6a5a,193
1762637239713,157,-155,957,1457,32767,14087,flick_right,3e1a6a5a,194
1762637239721,135,-153,925,2852,32767,14865,flick_right,3e1a6a5a,195
1762637239723,135,-153,925,2852,32767,14865,flick_right,3e1a6a5a,196
1762637239730,104,-142,987,3084,32767,13907,flick_right,3e1a6a5a,197
1762637239733,104,-142,987,3084,32767,13907,flick_right,3e1a6a5a,198
1762637239742,41,-165,956,3585,32767,13691,flick_right,3e1a6a5a,199
1762637239745,41,-165,956,3585,32767,13691,flick_right,3e1a6a5a,200
1762637239751,-44,-209,946,4837,32767,14753,flick_right,3e1a6a5a,201
1762637239757,-44,-209,946,4837,32767,14753,flick_right,3e1a6a5a,202
1762637239761,-75,-173,993,6623,32767,16416,flick_right,3e1a6a5a,203
1762637239763,-75,-173,993,6623,32767,16416,flick_right,3e1a6a5a,204
1762637239771,-67,-142,975,7944,32767,17565,flick_right,3e1a6a5a,205
1762637239773,-67,-142,975,7944,32767,17565,flick_right,3e1a6a5a,206
1762637239783,-91,-108,926,8103,32767,18168,flick_right,3e1a6a5a,207
1762637239791,-91,-108,926,8103,32767,18168,flick_right,3e1a6a5a,208
1762637239792,-146,-106,921,6979,32767,17526,flick_right,3e1a6a5a,209
1762637239796,-146,-106,921,6979,32767,17526,flick_right,3e1a6a5a,210
1762637239801,-166,-89,942,6864,32767,15355,flick_right,3e1a6a5a,211
1762637239803,-166,-89,942,6864,32767,15355,flick_right,3e1a6a5a,212
1762637239811,-205,-95,934,6503,32767,14877,flick_right,3e1a6a5a,213
1762637239813,-205,-95,934,6503,32767,14877,flick_right,3e1a6a5a,214
1762637239820,-252,-68,921,6096,31117,12416,flick_right,3e1a6a5a,215
1762637239823,-252,-68,921,6096,31117,12416,flick_right,3e1a6a5a,216
1762637239831,-286,-65,931,4576,27588,10097,flick_right,3e1a6a5a,217
1762637239834,-286,-65,931,4576,27588,10097,flick_right,3e1a6a5a,218
1762637239841,-317,-70,973,2915,24236,8403,flick_right,3e1a6a5a,219
1762637239844,-317,-70,973,2915,24236,8403,flick_right,3e1a6a5a,220
1762637239858,-353,-72,971,3029,22685,7657,flick_right,3e1a6a5a,221
1762637239862,-365,-61,958,2831,21419,7956,flick_right,3e1a6a5a,222
1762637239864,-353,-72,971,3029,22685,7657,flick_right,3e1a6a5a,223
1762637239866,-365,-61,958,2831,21419,7956,flick_right,3e1a6a5a,224
1762637239870,-362,-43,936,2800,19620,7271,flick_right,3e1a6a5a,225
1762637239873,-362,-43,936,2800,19620,7271,flick_right,3e1a6a5a,226
1762637239883,-366,-33,886,2716,16710,6423,flick_right,3e1a6a5a,227
1762637239892,-383,-1,875,1748,13575,5704,flick_right,3e1a6a5a,228
1762637239892,-366,-33,886,2716,16710,6423,flick_right,3e1a6a5a,229
1762637239897,-383,-1,875,1748,13575,5704,flick_right,3e1a6a5a,230
1762637239900,-442,-20,913,1093,12767,5442,flick_right,3e1a6a5a,231
1762637239903,-442,-20,913,1093,12767,5442,flick_right,3e1a6a5a,232
1762637239911,-428,-12,918,1409,11973,4823,flick_right,3e1a6a5a,233
1762637239914,-428,-12,918,1409,11973,4823,flick_right,3e1a6a5a,234
1762637239921,-429,-10,897,1241,11349,4255,flick_right,3e1a6a5a,235
1762637239923,-429,-10,897,1241,11349,4255,flick_right,3e1a6a5a,236
1762637239931,-465,-26,927,1455,11967,4145,flick_right,3e1a6a5a,237
1762637239934,-465,-26,927,1455,11967,4145,flick_right,3e1a6a5a,238
1762637239941,-496,-14,926,1359,12866,4881,flick_right,3e1a6a5a,239
1762637239943,-496,-14,926,1359,12866,4881,flick_right,3e1a6a5a,240
1762637239952,-497,-12,917,812,13712,4752,flick_right,3e1a6a5a,241
1762637240061,-497,-12,917,812,13712,4752,flick_right,3e1a6a5a,242
1762637240062,-509,-12,934,-941,14782,3840,flick_right,3e1a6a5a,243
1762637240063,-509,-12,934,-941,14782,3840,flick_right,3e1a6a5a,244
1762637240063,-501,-41,934,-2739,16127,2800,flick_right,3e1a6a5a,245
1762637240064,-501,-41,934,-2739,16127,2800,flick_right,3e1a6a5a,246
1762637240064,-514,-11,895,-3440,16761,1968,flick_right,3e1a6a5a,247
1762637240065,-514,-11,895,-3440,16761,1968,flick_right,3e1a6a5a,248
1762637240065,-525,2,864,-4577,15797,602,flick_right,3e1a6a5a,249
1762637240066,-525,2,864,-4577,15797,602,flick_right,3e1a6a5a,250
1762637240067,-565,-12,887,-6081,14063,-982,flick_right,3e1a6a5a,251
1762637240067,-565,-12,887,-6081,14063,-982,flick_right,3e1a6a5a,252
1762637240068,-562,-41,882,-6761,13617,-2345,flick_right,3e1a6a5a,253
1762637240069,-562,-41,882,-6761,13617,-2345,flick_right,3e1a6a5a,254
1762637240069,-566,-37,867,-7129,13419,-2977,flick_right,3e1a6a5a,255
1762637240069,-566,-37,867,-7129,13419,-2977,flick_right,3e1a6a5a,256
1762637240070,-552,-36,830,-7312,13219,-3562,flick_right,3e1a6a5a,257
1762637240070,-552,-36,830,-7312,13219,-3562,flick_right,3e1a6a5a,258
1762637240070,-555,-38,823,-8051,12767,-4473,flick_right,3e1a6a5a,259
1762637240071,-555,-38,823,-8051,12767,-4473,flick_right,3e1a6a5a,260
1762637240071,-556,-55,815,-9742,12762,-5402,flick_right,3e1a6a5a,261
1762637240072,-556,-55,815,-9742,12762,-5402,flick_right,3e1a6a5a,262
1762637240082,-577,-62,798,-11271,11891,-6333,flick_right,3e1a6a5a,263
1762637240082,-577,-62,798,-11271,11891,-6333,flick_right,3e1a6a5a,264
1762637240083,-587,-58,787,-11555,10268,-6808,flick_right,3e1a6a5a,265
1762637240083,-587,-58,787,-11555,10268,-6808,flick_right,3e1a6a5a,266
1762637240084,-594,-70,766,-11558,8514,-7136,flick_right,3e1a6a5a,267
1762637240084,-594,-70,766,-11558,8514,-7136,flick_right,3e1a6a5a,268
1762637240094,-579,-102,755,-11129,6433,-6902,flick_right,3e1a6a5a,269
1762637240097,-579,-102,755,-11129,6433,-6902,flick_right,3e1a6a5a,270
1762637240101,-631,-252,923,-8838,6773,-3770,flick_right,3e1a6a5a,271
1762637240105,-631,-252,923,-8838,6773,-3770,flick_right,3e1a6a5a,272
1762637240111,-586,-156,828,-5901,9167,-2548,flick_right,3e1a6a5a,273
1762637240114,-586,-156,828,-5901,9167,-2548,flick_right,3e1a6a5a,274
1762637240121,-588,-134,734,-6889,7573,-3365,flick_right,3e1a6a5a,275
1762637240124,-588,-134,734,-6889,7573,-3365,flick_right,3e1a6a5a,276
1762637240131,-597,-128,696,-8003,4286,-4217,flick_right,3e1a6a5a,277
1762637240134,-597,-128,696,-8003,4286,-4217,flick_right,3e1a6a5a,278
1762637240141,-595,-127,702,-8113,717,-4594,flick_right,3e1a6a5a,279
1762637240143,-595,-127,702,-8113,717,-4594,flick_right,3e1a6a5a,280
1762637240150,-597,-119,750,-7356,-1652,-5110,flick_right,3e1a6a5a,281
1762637240153,-597,-119,750,-7356,-1652,-5110,flick_right,3e1a6a5a,282
1762637240161,-590,-126,770,-5900,-2940,-5647,flick_right,3e1a6a5a,283
1762637240164,-590,-126,770,-5900,-2940,-5647,flick_right,3e1a6a5a,284
1762637240171,-581,-137,732,-4309,-5111,-6113,flick_right,3e1a6a5a,285
1762637240173,-581,-137,732,-4309,-5111,-6113,flick_right,3e1a6a5a,286
1762637240181,-572,-140,702,-3530,-8632,-6760,flick_right,3e1a6a5a,287
1762637240183,-572,-140,702,-3530,-8632,-6760,flick_right,3e1a6a5a,288
1762637240191,-590,-146,716,-3188,-12846,-7886,flick_right,3e1a6a5a,289
1762637240200,-590,-146,716,-3188,-12846,-7886,flick_right,3e1a6a5a,290
1762637240201,-579,-158,769,-3213,-16124,-8980,flick_right,3e1a6a5a,291
1762637240204,-579,-158,769,-3213,-16124,-8980,flick_right,3e1a6a5a,292
1762637240211,-607,-122,824,-2394,-17776,-10440,flick_right,3e1a6a5a,293
1762637240213,-607,-122,824,-2394,-17776,-10440,flick_right,3e1a6a5a,294
1762637240221,-551,-156,827,-968,-18514,-12501,flick_right,3e1a6a5a,295
1762637240223,-551,-156,827,-968,-18514,-12501,flick_right,3e1a6a5a,296
1762637240231,-528,-190,808,-1214,-20385,-13331,flick_right,3e1a6a5a,297
1762637240233,-528,-190,808,-1214,-20385,-13331,flick_right,3e1a6a5a,298
1762637240240,-522,-415,1013,141,-18945,-11695,flick_right,3e1a6a5a,299
1762637240244,-522,-415,1013,141,-18945,-11695,flick_right,3e1a6a5a,300
1762637240251,-565,-329,857,-707,-14707,-7893,flick_right,3e1a6a5a,301
1762637240253,-565,-329,857,-707,-14707,-7893,flick_right,3e1a6a5a,302
1762637240261,-501,-280,888,-3232,-13174,-7632,flick_right,3e1a6a5a,303
1762637240263,-501,-280,888,-3232,-13174,-7632,flick_right,3e1a6a5a,304
1762637240270,-471,-266,912,-2994,-9689,-6255,flick_right,3e1a6a5a,305
1762637240273,-471,-266,912,-2994,-9689,-6255,flick_right,3e1a6a5a,306
1762637240280,-471,-253,823,-2919,-8620,-5612,flick_right,3e1a6a5a,307
1762637240283,-471,-253,823,-2919,-8620,-5612,flick_right,3e1a6a5a,308
1762637240294,-478,-234,839,-2738,-8159,-4979,flick_right,3e1a6a5a,309
1762637240301,-467,-215,869,-3199,-7150,-4751,flick_right,3e1a6a5a,310
1762637240303,-478,-234,839,-2738,-8159,-4979,flick_right,3e1a6a5a,311
1762637240307,-467,-215,869,-3199,-7150,-4751,flick_right,3e1a6a5a,312
1762637240311,-450,-250,884,-2828,-5838,-4878,flick_right,3e1a6a5a,313
1762637240313,-450,-250,884,-2828,-5838,-4878,flick_right,3e1a6a5a,314
1762637240321,-458,-280,867,-2191,-4774,-3756,flick_right,3e1a6a5a,315
1762637240323,-458,-280,867,-2191,-4774,-3756,flick_right,3e1a6a5a,316
1762637240331,-456,-288,876,-1054,-3933,-2516,flick_right,3e1a6a5a,317
1762637240333,-456,-288,876,-1054,-3933,-2516,flick_right,3e1a6a5a,318
1762637240341,-459,-276,879,-341,-3650,-1052,flick_right,3e1a6a5a,319
1762637240343,-459,-276,879,-341,-3650,-1052,flick_right,3e1a6a5a,320
1762637240351,-468,-272,863,-257,-3919,287,flick_right,3e1a6a5a,321
1762637240353,-468,-272,863,-257,-3919,287,flick_right,3e1a6a5a,322
1762637240361,-479,-262,888,-567,-3708,1138,flick_right,3e1a6a5a,323
1762637240363,-479,-262,888,-567,-3708,1138,flick_right,3e1a6a5a,324
1762637240371,-475,-249,890,-681,-2856,965,flick_right,3e1a6a5a,325
1762637240375,-475,-249,890,-681,-2856,965,flick_right,3e1a6a5a,326
1762637240381,-470,-258,898,-980,-1924,132,flick_right,3e1a6a5a,327
1762637240383,-470,-258,898,-980,-1924,132,flick_right,3e1a6a5a,328
1762637240396,-456,-259,893,-1042,-916,-447,flick_right,3e1a6a5a,329
1762637240399,-456,-259,893,-1042,-916,-447,flick_right,3e1a6a5a,330
1762637240402,-445,-263,872,-1043,-453,-637,flick_right,3e1a6a5a,331
1762637240408,-445,-263,872,-1043,-453,-637,flick_right,3e1a6a5a,332
1762637240417,-445,-271,845,-536,-1159,-400,flick_right,3e1a6a5a,333
1762637240421,-441,-243,833,215,-3240,-76,flick_right,3e1a6a5a,334
1762637240421,-445,-271,845,-536,-1159,-400,flick_right,3e1a6a5a,335
1762637240424,-441,-243,833,215,-3240,-76,flick_right,3e1a6a5a,336
1762637240432,-448,-248,808,1244,-6818,-446,flick_right,3e1a6a5a,337
1762637240442,-448,-248,808,1244,-6818,-446,flick_right,3e1a6a5a,338
1762637240442,-433,-228,833,2283,-10602,-661,flick_right,3e1a6a5a,339
1762637240447,-433,-228,833,2283,-10602,-661,flick_right,3e1a6a5a,340
1762637240450,-462,-200,818,3199,-14256,-1330,flick_right,3e1a6a5a,341
1762637240454,-462,-200,818,3199,-14256,-1330,flick_right,3e1a6a5a,342
1762637240461,-457,-156,792,4058,-18916,-2942,flick_right,3e1a6a5a,343
1762637240463,-457,-156,792,4058,-18916,-2942,flick_right,3e1a6a5a,344
1762637240471,-420,-134,775,5448,-25359,-4829,flick_right,3e1a6a5a,345
1762637240474,-420,-134,775,5448,-25359,-4829,flick_right,3e1a6a5a,346
1762637240481,-379,-182,780,6286,-31876,-6050,flick_right,3e1a6a5a,347
1762637240483,-379,-182,780,6286,-31876,-6050,flick_right,3e1a6a5a,348
1762637240491,-348,-202,802,6000,-32768,-7160,flick_right,3e1a6a5a,349
1762637240493,-348,-202,802,6000,-32768,-7160,flick_right,3e1a6a5a,350
1762637240504,-229,-149,746,7263,-32768,-9403,flick_right,3e1a6a5a,351
1762637240507,-229,-149,746,7263,-32768,-9403,flick_right,3e1a6a5a,352
1762637240510,-179,-185,708,6089,-32768,-11041,flick_right,3e1a6a5a,353
1762637240513,-179,-185,708,6089,-32768,-11041,flick_right,3e1a6a5a,354
1762637240521,-94,-166,666,2631,-32768,-11983,flick_right,3e1a6a5a,355
1762637240524,-94,-166,666,2631,-32768,-11983,flick_right,3e1a6a5a,356
1762637240530,-82,-282,982,2032,-32768,-11380,flick_right,3e1a6a5a,357
1762637240533,-82,-282,982,2032,-32768,-11380,flick_right,3e1a6a5a,358
1762637240540,-32,-270,870,5,-32768,-9638,flick_right,3e1a6a5a,359
1762637240544,-32,-270,870,5,-32768,-9638,flick_right,3e1a6a5a,360
1762637240551,29,-267,935,1089,-32768,-9641,flick_right,3e1a6a5a,361
1762637240553,29,-267,935,1089,-32768,-9641,flick_right,3e1a6a5a,362
1762637240560,95,-282,1026,3884,-32768,-9737,flick_right,3e1a6a5a,363
1762637240563,95,-282,1026,3884,-32768,-9737,flick_right,3e1a6a5a,364
1762637240570,157,-301,1120,6622,-32768,-9534,flick_right,3e1a6a5a,365
1762637240573,157,-301,1120,6622,-32768,-9534,flick_right,3e1a6a5a,366
1762637240580,202,-338,1148,8287,-32768,-8423,flick_right,3e1a6a5a,367
1762637240584,202,-338,1148,8287,-32768,-8423,flick_right,3e1a6a5a,368
1762637240590,227,-302,1069,6681,-32768,-7698,flick_right,3e1a6a5a,369
1762637240593,227,-302,1069,6681,-32768,-7698,flick_right,3e1a6a5a,370
1762637240601,263,-289,1015,4388,-32768,-6875,flick_right,3e1a6a5a,371
1762637240606,263,-289,1015,4388,-32768,-6875,flick_right,3e1a6a5a,372
1762637240610,253,-309,1098,6202,-32768,-6301,flick_right,3e1a6a5a,373
1762637240613,253,-309,1098,6202,-32768,-6301,flick_right,3e1a6a5a,374
1762637240620,337,-264,1093,7654,-32768,-4768,flick_right,3e1a6a5a,375
1762637240623,337,-264,1093,7654,-32768,-4768,flick_right,3e1a6a5a,376
1762637240630,368,-221,1153,8122,-32768,-4516,flick_right,3e1a6a5a,377
1762637240634,368,-221,1153,8122,-32768,-4516,flick_right,3e1a6a5a,378
1762637240641,375,-199,1076,6903,-31301,-3490,flick_right,3e1a6a5a,379
1762637240644,375,-199,1076,6903,-31301,-3490,flick_right,3e1a6a5a,380
1762637240650,377,-159,1039,3493,-27586,-3208,flick_right,3e1a6a5a,381
1762637240654,377,-159,1039,3493,-27586,-3208,flick_right,3e1a6a5a,382
1762637240661,391,-161,1028,677,-23653,-3050,flick_right,3e1a6a5a,383
1762637240663,391,-161,1028,677,-23653,-3050,flick_right,3e1a6a5a,384
1762637240670,408,-174,968,-339,-20687,-2661,flick_right,3e1a6a5a,385
1762637240674,408,-174,968,-339,-20687,-2661,flick_right,3e1a6a5a,386
1762637240680,426,-176,968,161,-18728,-2284,flick_right,3e1a6a5a,387
1762637240683,426,-176,968,161,-18728,-2284,flick_right,3e1a6a5a,388
1762637240691,436,-174,968,122,-16740,-1852,flick_right,3e1a6a5a,389
1762637240694,436,-174,968,122,-16740,-1852,flick_right,3e1a6a5a,390
1762637240703,440,-162,955,-173,-14649,-1756,flick_right,3e1a6a5a,391
1762637240706,440,-162,955,-173,-14649,-1756,flick_right,3e1a6a5a,392
1762637240710,452,-148,936,-680,-12914,-1647,flick_right,3e1a6a5a,393
1762637240715,452,-148,936,-680,-12914,-1647,flick_right,3e1a6a5a,394
1762637240721,445,-129,883,-2539,-12148,-1983,flick_right,3e1a6a5a,395
1762637240724,445,-129,883,-2539,-12148,-1983,flick_right,3e1a6a5a,396
1762637240730,451,-125,859,-4758,-12098,-2557,flick_right,3e1a6a5a,397
1762637240733,451,-125,859,-4758,-12098,-2557,flick_right,3e1a6a5a,398
1762637240741,457,-139,864,-5593,-11539,-2594,flick_right,3e1a6a5a,399
1762637240744,457,-139,864,-5593,-11539,-2594,flick_right,3e1a6a5a,400
1762637240750,466,-153,872,-5768,-10821,-2690,flick_right,3e1a6a5a,401
1762637240753,466,-153,872,-5768,-10821,-2690,flick_right,3e1a6a5a,402
1762637240760,478,-183,901,-5718,-9438,-2710,flick_right,3e1a6a5a,403
1762637240763,478,-183,901,-5718,-9438,-2710,flick_right,3e1a6a5a,404
1762637240770,495,-197,900,-4874,-7409,-2428,flick_right,3e1a6a5a,405
1762637240773,495,-197,900,-4874,-7409,-2428,flick_right,3e1a6a5a,406
1762637240780,503,-203,883,-3742,-5573,-2154,flick_right,3e1a6a5a,407
1762637240785,503,-203,883,-3742,-5573,-2154,flick_right,3e1a6a5a,408
1762637240791,506,-211,865,-2988,-4041,-1570,flick_right,3e1a6a5a,409
1762637240793,506,-211,865,-2988,-4041,-1570,flick_right,3e1a6a5a,410
1762637240806,504,-206,889,-3008,-2379,-1287,flick_right,3e1a6a5a,411
1762637240814,504,-184,902,-3275,-730,-963,flick_right,3e1a6a5a,412
1762637240815,504,-206,889,-3008,-2379,-1287,flick_right,3e1a6a5a,413
1762637240820,504,-184,902,-3275,-730,-963,flick_right,3e1a6a5a,414
1762637240821,502,-191,880,-3130,240,-852,flick_right,3e1a6a5a,415
1762637240824,502,-191,880,-3130,240,-852,flick_right,3e1a6a5a,416
1762637240830,512,-195,855,-3009,946,-739,flick_right,3e1a6a5a,417
1762637240833,512,-195,855,-3009,946,-739,flick_right,3e1a6a5a,418
1762637240842,523,-206,835,-2031,1533,-293,flick_right,3e1a6a5a,419
1762637240844,523,-206,835,-2031,1533,-293,flick_right,3e1a6a5a,420
1762637240851,520,-216,840,-825,2246,-84,flick_right,3e1a6a5a,421
1762637240854,520,-216,840,-825,2246,-84,flick_right,3e1a6a5a,422
1762637240861,516,-212,837,411,3077,150,flick_right,3e1a6a5a,423
1762637240863,516,-212,837,411,3077,150,flick_right,3e1a6a5a,424
1762637240870,512,-209,847,1368,4001,222,flick_right,3e1a6a5a,425
1762637240874,512,-209,847,1368,4001,222,flick_right,3e1a6a5a,426
1762637240881,498,-205,855,1976,4481,214,flick_right,3e1a6a5a,427
1762637240884,498,-205,855,1976,4481,214,flick_right,3e1a6a5a,428
1762637240891,506,-197,867,1896,4958,239,flick_right,3e1a6a5a,429
1762637240893,506,-197,867,1896,4958,239,flick_right,3e1a6a5a,430
1762637240901,505,-202,892,1290,5523,400,flick_right,3e1a6a5a,431
1762637240903,505,-202,892,1290,5523,400,flick_right,3e1a6a5a,432
